{
	"imageFile": "f_1.png",
	"name": "Женская (пример)",
	"regions": [
		{
			"rotate": 90.0,
			"width": 270,
			"dots": [
				{
					"X": 36,
					"Y": 561
				},
				{
					"X": 235,
					"Y": 545
				},
				{
					"X": 199,
					"Y": 444
				},
				{
					"X": 206,
					"Y": 389
				},
				{
					"X": 233,
					"Y": 325
				},
				{
					"X": 87,
					"Y": 229
				},
				{
					"X": 62,
					"Y": 320
				},
				{
					"X": 38,
					"Y": 434
				},
				{
					"X": 33,
					"Y": 499
				}
			]
		},
		{
			"rotate": 67.0,
			"width": 260,
			"dots": [
				{
					"X": 634,
					"Y": 562
				},
				{
					"X": 732,
					"Y": 522
				},
				{
					"X": 675,
					"Y": 438
				},
				{
					"X": 662,
					"Y": 388
				},
				{
					"X": 665,
					"Y": 299
				},
				{
					"X": 633,
					"Y": 380
				},
				{
					"X": 621,
					"Y": 448
				},
				{
					"X": 622,
					"Y": 506
				}
			]
		},
		{
			"rotate": -1,
			"width": 190,
			"dots": [
				{
					"X": 416,
					"Y": 103
				},
				{
					"X": 424,
					"Y": 415
				},
				{
					"X": 540,
					"Y": 417
				},
				{
					"X": 537,
					"Y": 95
				},
				{
					"X": 493,
					"Y": 112
				},
				{
					"X": 445,
					"Y": 112
				},
			]
		}
	]
}