{
	"imageFile": "m_1.png",
	"name": "Мужская (пример)",
	"regions": [
		{
			"rotate": 97.0,
			"width": 31,
			"dots": [
				{
					"X": 116,
					"Y": 727
				},
				{
					"X": 119,
					"Y": 709
				},
				{
					"X": 134,
					"Y": 712
				},
				{
					"X": 206,
					"Y": 717
				},
				{
					"X": 205,
					"Y": 737
				},
				{
					"X": 202,
					"Y": 741
				},
				{
					"X": 134,
					"Y": 736
				},
				{
					"X": 122,
					"Y": 733
				}
			]
		},
		{
			"rotate": 107.0,
			"width": 33,
			"dots": [
				{
					"X": 527,
					"Y": 722
				},
				{
					"X": 535,
					"Y": 707
				},
				{
					"X": 568,
					"Y": 726
				},
				{
					"X": 601,
					"Y": 735
				},
				{
					"X": 636,
					"Y": 736
				},
				{
					"X": 629,
					"Y": 752
				},
				{
					"X": 623,
					"Y": 758
				},
				{
					"X": 599,
					"Y": 758
				},
				{
					"X": 573,
					"Y": 752
				},
				{
					"X": 549,
					"Y": 742
				},
				{
					"X": 527,
					"Y": 725
				}
			]
		},
		{
			"rotate": 42.0,
			"width": 60,
			"dots": [
				{
					"X": 378,
					"Y": 107
				},
				{
					"X": 396,
					"Y": 141
				},
				{
					"X": 427,
					"Y": 167
				},
				{
					"X": 454,
					"Y": 139
				},
				{
					"X": 476,
					"Y": 108
				},
				{
					"X": 490,
					"Y": 72
				},
				{
					"X": 490,
					"Y": 59
				},
				{
					"X": 463,
					"Y": 33
				},
				{
					"X": 452,
					"Y": 57
				},
				{
					"X": 419,
					"Y": 86
				}
			]
		},
		{
			"rotate": -33.0,
			"width": 60,
			"dots": [
				{
					"X": 309,
					"Y": 96
				},
				{
					"X": 319,
					"Y": 74
				},
				{
					"X": 330,
					"Y": 58
				},
				{
					"X": 337,
					"Y": 81
				},
				{
					"X": 351,
					"Y": 96
				},
				{
					"X": 369,
					"Y": 107
				},
				{
					"X": 308,
					"Y": 164
				},
				{
					"X": 307,
					"Y": 162
				}
			]
		}
	]
}